{
  "episode": 25,
  "episode_rewards": [
    0.0,
    -10.1,
    0.0,
    0.0,
    -10.1,
    0.0,
    0.0,
    0.0,
    0.0,
    0.0,
    0.0,
    0.0,
    0.0,
    0.0,
    0.0,
    -0.09999999999999964,
    0.0,
    0.0,
    0.0,
    0.0,
    0.0,
    0.0,
    -10.1,
    0.0,
    0.0
  ],
  "episode_lengths": [
    500,
    12,
    500,
    500,
    208,
    500,
    500,
    500,
    500,
    500,
    500,
    500,
    500,
    500,
    500,
    112,
    500,
    500,
    500,
    500,
    500,
    500,
    10,
    500,
    500
  ],
  "food_eaten_per_episode": [
    0,
    0,
    0,
    0,
    0,
    0,
    0,
    0,
    0,
    0,
    0,
    0,
    0,
    0,
    0,
    0,
    0,
    0,
    0,
    0,
    0,
    0,
    0,
    0,
    0
  ],
  "epsilon_history": [
    0.009995187929535779,
    0.009995187929535779,
    0.009995187929535779,
    0.009995187929535779,
    0.009995187929535779,
    0.009995187929535779,
    0.009995187929535779,
    0.009995187929535779,
    0.009995187929535779,
    0.009995187929535779,
    0.009995187929535779,
    0.009995187929535779,
    0.009995187929535779,
    0.009995187929535779,
    0.009995187929535779,
    0.009995187929535779,
    0.009995187929535779,
    0.009995187929535779,
    0.009995187929535779,
    0.009995187929535779,
    0.009995187929535779,
    0.009995187929535779,
    0.009995187929535779,
    0.009995187929535779,
    0.009995187929535779
  ],
  "avg_reward_last_100": -1.216,
  "best_reward": 0.0,
  "avg_food_eaten_last_100": 0.0
}